"","topics","Griffiths2004","CaoJuan2009","Arun2010","Deveaud2014"
"1",2,-2169936.01245389,0.242651588889041,2846.80335700011,2.45731552828546
"2",3,-2096344.88814012,0.237381987704599,2669.40281829225,2.40227232028966
"3",4,-2048956.76250961,0.160069786981703,2516.66633742778,2.50766546222414
"4",5,-2014498.68457533,0.142630564497009,2423.78611646539,2.48748192476134
"5",6,-1989023.3294805,0.130715402048616,2339.43930004455,2.48091377859082
"6",7,-1964165.42873089,0.107457954068141,2264.96804211505,2.49070308993146
"7",8,-1953062.53002165,0.0995160381715215,2197.55251677513,2.48597630360608
"8",9,-1935027.55442932,0.0976996499264056,2148.12359429446,2.46969095263408
"9",10,-1921701.33930079,0.0865010224445293,2092.99289696721,2.47919349938238
"10",11,-1913056.10264583,0.0732123168305261,2043.99071340264,2.49084409468869
"11",12,-1902430.95229289,0.0693615688093898,2006.84626413312,2.47530925530304
"12",13,-1895359.81263864,0.0798521932242821,1984.19392246426,2.44216251897813
"13",14,-1897975.07083573,0.0703926946606809,1940.54713375991,2.44419696946776
"14",15,-1883463.24327456,0.0684920298162517,1913.73025090193,2.41865795470589
